<?xml version="1.0" encoding="UTF-8"?>
<beans:beans xmlns="http://www.springframework.org/schema/mvc"
	xmlns:xsi="http://www.w3.org/2001/XMLSchema-instance"
	xmlns:beans="http://www.springframework.org/schema/beans"
	xmlns:context="http://www.springframework.org/schema/context"
	xsi:schemaLocation="http://www.springframework.org/schema/mvc https://www.springframework.org/schema/mvc/spring-mvc.xsd
		http://www.springframework.org/schema/beans https://www.springframework.org/schema/beans/spring-beans.xsd
		http://www.springframework.org/schema/context https://www.springframework.org/schema/context/spring-context.xsd">

	<!-- DispatcherServlet Context: defines this servlet's request-processing infrastructure -->
	
	<!-- Enables the Spring MVC @Controller programming model -->
	<annotation-driven />

	<!-- Handles HTTP GET requests for /resources/** by efficiently serving up static resources in the ${webappRoot}/resources directory -->
	<resources mapping="/resources/**" location="/resources/" />
	<resources mapping="/resources/images/**" location="/resources/images" />
	<resources mapping="/resources/css/**" location="/resources/css" />
	<resources mapping="/resources/js/**" location="/resources/js" />

	<!-- Resolves views selected for rendering by @Controllers to .jsp resources in the /WEB-INF/views directory -->
	<beans:bean class="org.springframework.web.servlet.view.InternalResourceViewResolver">
		<beans:property name="prefix" value="/WEB-INF/views/" />
		<beans:property name="suffix" value=".jsp" />
	</beans:bean>

		<!-- multipartResolver -->
		<beans:bean class="org.springframework.web.multipart.commons.CommonsMultipartResolver" id="multipartResolver"></beans:bean>
		
		<!-- serive 객체 생성 -->
		<beans:bean class="com.spring.service.MemberServiceImpl" id="memberService"/>
		<beans:bean class="com.spring.service.ProductServiceImpl" id="productService"/>
		<beans:bean class="com.spring.service.PageServiceImpl" id="pageService"/>
		<beans:bean class="com.spring.service.NoticeServiceImpl" id="noticeService"/>
		<beans:bean class="com.spring.service.OrderServiceImpl" id="orderService"/>
		<beans:bean class="com.spring.service.ReviewServiceImpl" id="reviewService"/>
		<beans:bean class="com.spring.service.FileServiceImpl" id="fileService"/>
		<!-- dao 객체 생성 : -->
		<beans:bean class="com.myshop.dao.MyshopMemberDAO" id="memberDao"/>
		<beans:bean class="com.myshop.dao.MyshopNoticeDAO" id="noticeDao"/>
		<beans:bean class="com.myshop.dao.MyshopProductDAO" id="productDao"/>
		<beans:bean class="com.myshop.dao.MyshopOrderDAO" id="orderDao"/>
		<beans:bean class="com.myshop.dao.MyshopReviewDAO" id="reviewDao"/>

		<!-- Interceptor 객체 생성 -->
		<beans:bean class="com.spring.interceptor.AuthInterceptor" id="authInterceptor"/>
		<beans:bean class="com.spring.interceptor.MyshopAuthIntercepter" id="myshopauthIntercepter"/>

		<!--로그인을 하지 않은 상태에서 /admin.do 페이지를 요청하면 authIntercetor 객체에서 처리하도록 역할 부여 -->
		<interceptors>
			<interceptor>
				<mapping path="/admin*"/>
					<!-- admin으로 시작하는 모든 페이지 -->
				<beans:ref bean="authInterceptor"/>
					<!-- AuthIntercepter(authIntercepter객체) 실행 -->
			</interceptor>
			<interceptor>
				<mapping path="/myshop*"/>
					<!-- admin으로 시작하는 모든 페이지 -->
				<beans:ref bean="myshopauthIntercepter"/>
			</interceptor>
		</interceptors>
		<context:component-scan base-package="com.spring.myshop"/>
		<context:component-scan base-package="com.spring.controller"/>
		
</beans:beans>
